,Entidad federativa,Educación media superior2,Educación superior3,Grado promedio de escolaridad
0,01 Aguascalientes,21.8451412833691,20.6700930323336,9.72597472304436
1,02 Baja California,25.4626023758364,19.3841748818716,9.75741772139322
4,05 Coahuila de Zaragoza,21.4437460169645,21.5054992345517,9.897388248825
8,09 Ciudad de México,26.6231401592069,32.1371399201777,11.1195871123974
14,15 México,24.9869327441321,17.8547399151122,9.52806737925937
18,19 Nuevo León,22.8384046958371,24.1727110461728,10.2749558573754
22,23 Quintana Roo,25.7852572334289,18.6154853717061,9.61503624357601
25,26 Sonora,24.7612506019755,21.9362526669265,10.0014293654817
